Date,IRR,,DATE,16-05-2025,17-05-2025,18-05-2025,19-05-2025,20-05-2025,21-05-2025,22-05-2025,23-05-2025
16-05-2025 05:45,5,,SUM of IRR,81226,83958,84588,78273,77426,81879,80986,77216
16-05-2025 05:50,8,,Daily Energy POA,6.768833333,6.9965,7.049,6.52275,6.452166667,6.82325,6.748833333,6.434666667
16-05-2025 05:55,12,,,,,,,,,,
16-05-2025 06:00,17,,,,,,,,,,
16-05-2025 06:05,22,,,,,,,,,,
16-05-2025 06:10,27,,,,,,,,,,
16-05-2025 06:15,33,,,,,,,,,,
16-05-2025 06:20,38,,,,,,,,,,
16-05-2025 06:25,44,,,,,,,,,,
16-05-2025 06:30,50,,,,,,,,,,
16-05-2025 06:35,55,,,,,,,,,,
16-05-2025 06:40,61,,,,,,,,,,
16-05-2025 06:45,67,,,,,,,,,,
16-05-2025 06:50,73,,,,,,,,,,
16-05-2025 06:55,80,,,,,,,,,,
16-05-2025 07:00,87,,,,,,,,,,
16-05-2025 07:05,94,,,,,,,,,,
16-05-2025 07:10,148,,,,,,,,,,
16-05-2025 07:15,163,,,,,,,,,,
16-05-2025 07:20,181,,,,,,,,,,
16-05-2025 07:25,198,,,,,,,,,,
16-05-2025 07:30,214,,,,,,,,,,
16-05-2025 07:35,231,,,,,,,,,,
16-05-2025 07:40,249,,,,,,,,,,
16-05-2025 07:45,271,,,,,,,,,,
16-05-2025 07:50,291,,,,,,,,,,
16-05-2025 07:55,308,,,,,,,,,,
16-05-2025 08:00,326,,,,,,,,,,
16-05-2025 08:05,343,,,,,,,,,,
16-05-2025 08:10,363,,,,,,,,,,
16-05-2025 08:15,379,,,,,,,,,,
16-05-2025 08:20,397,,,,,,,,,,
16-05-2025 08:25,417,,,,,,,,,,
16-05-2025 08:30,438,,,,,,,,,,
16-05-2025 08:35,454,,,,,,,,,,
16-05-2025 08:40,474,,,,,,,,,,
16-05-2025 08:45,486,,,,,,,,,,
16-05-2025 08:50,504,,,,,,,,,,
16-05-2025 08:55,516,,,,,,,,,,
16-05-2025 09:00,544,,,,,,,,,,
16-05-2025 09:05,556,,,,,,,,,,
16-05-2025 09:10,577,,,,,,,,,,
16-05-2025 09:15,591,,,,,,,,,,
16-05-2025 09:20,609,,,,,,,,,,
16-05-2025 09:25,623,,,,,,,,,,
16-05-2025 09:30,631,,,,,,,,,,
16-05-2025 09:35,659,,,,,,,,,,
16-05-2025 09:40,670,,,,,,,,,,
16-05-2025 09:45,683,,,,,,,,,,
16-05-2025 09:50,696,,,,,,,,,,
16-05-2025 09:55,709,,,,,,,,,,
16-05-2025 10:00,716,,,,,,,,,,
16-05-2025 10:05,721,,,,,,,,,,
16-05-2025 10:10,754,,,,,,,,,,
16-05-2025 10:15,774,,,,,,,,,,
16-05-2025 10:20,778,,,,,,,,,,
16-05-2025 10:25,783,,,,,,,,,,
16-05-2025 10:30,802,,,,,,,,,,
16-05-2025 10:35,813,,,,,,,,,,
16-05-2025 10:40,821,,,,,,,,,,
16-05-2025 10:45,828,,,,,,,,,,
16-05-2025 10:50,837,,,,,,,,,,
16-05-2025 10:55,835,,,,,,,,,,
16-05-2025 11:00,852,,,,,,,,,,
16-05-2025 11:05,861,,,,,,,,,,
16-05-2025 11:10,869,,,,,,,,,,
16-05-2025 11:15,887,,,,,,,,,,
16-05-2025 11:20,877,,,,,,,,,,
16-05-2025 11:25,877,,,,,,,,,,
16-05-2025 11:30,894,,,,,,,,,,
16-05-2025 11:35,920,,,,,,,,,,
16-05-2025 11:40,915,,,,,,,,,,
16-05-2025 11:45,938,,,,,,,,,,
16-05-2025 11:50,921,,,,,,,,,,
16-05-2025 11:55,923,,,,,,,,,,
16-05-2025 12:00,938,,,,,,,,,,
16-05-2025 12:05,921,,,,,,,,,,
16-05-2025 12:10,917,,,,,,,,,,
16-05-2025 12:15,925,,,,,,,,,,
16-05-2025 12:20,903,,,,,,,,,,
16-05-2025 12:25,914,,,,,,,,,,
16-05-2025 12:30,865,,,,,,,,,,
16-05-2025 12:35,895,,,,,,,,,,
16-05-2025 12:40,851,,,,,,,,,,
16-05-2025 12:45,934,,,,,,,,,,
16-05-2025 12:50,912,,,,,,,,,,
16-05-2025 12:55,895,,,,,,,,,,
16-05-2025 13:00,877,,,,,,,,,,
16-05-2025 13:05,843,,,,,,,,,,
16-05-2025 13:10,912,,,,,,,,,,
16-05-2025 13:15,859,,,,,,,,,,
16-05-2025 13:20,843,,,,,,,,,,
16-05-2025 13:25,830,,,,,,,,,,
16-05-2025 13:30,989,,,,,,,,,,
16-05-2025 13:35,888,,,,,,,,,,
16-05-2025 13:40,830,,,,,,,,,,
16-05-2025 13:45,800,,,,,,,,,,
16-05-2025 13:50,873,,,,,,,,,,
16-05-2025 13:55,744,,,,,,,,,,
16-05-2025 14:00,772,,,,,,,,,,
16-05-2025 14:05,777,,,,,,,,,,
16-05-2025 14:10,780,,,,,,,,,,
16-05-2025 14:15,775,,,,,,,,,,
16-05-2025 14:20,794,,,,,,,,,,
16-05-2025 14:25,753,,,,,,,,,,
16-05-2025 14:30,732,,,,,,,,,,
16-05-2025 14:35,708,,,,,,,,,,
16-05-2025 14:40,703,,,,,,,,,,
16-05-2025 14:45,660,,,,,,,,,,
16-05-2025 14:50,664,,,,,,,,,,
16-05-2025 14:55,648,,,,,,,,,,
16-05-2025 15:00,644,,,,,,,,,,
16-05-2025 15:05,650,,,,,,,,,,
16-05-2025 15:10,631,,,,,,,,,,
16-05-2025 15:15,620,,,,,,,,,,
16-05-2025 15:20,606,,,,,,,,,,
16-05-2025 15:25,590,,,,,,,,,,
16-05-2025 15:30,565,,,,,,,,,,
16-05-2025 15:35,550,,,,,,,,,,
16-05-2025 15:40,535,,,,,,,,,,
16-05-2025 15:45,520,,,,,,,,,,
16-05-2025 15:50,534,,,,,,,,,,
16-05-2025 15:55,512,,,,,,,,,,
16-05-2025 16:00,488,,,,,,,,,,
16-05-2025 16:05,480,,,,,,,,,,
16-05-2025 16:10,460,,,,,,,,,,
16-05-2025 16:15,419,,,,,,,,,,
16-05-2025 16:20,391,,,,,,,,,,
16-05-2025 16:25,404,,,,,,,,,,
16-05-2025 16:30,375,,,,,,,,,,
16-05-2025 16:35,366,,,,,,,,,,
16-05-2025 16:40,361,,,,,,,,,,
16-05-2025 16:45,349,,,,,,,,,,
16-05-2025 16:50,319,,,,,,,,,,
16-05-2025 16:55,306,,,,,,,,,,
16-05-2025 17:00,295,,,,,,,,,,
16-05-2025 17:05,283,,,,,,,,,,
16-05-2025 17:10,275,,,,,,,,,,
16-05-2025 17:15,260,,,,,,,,,,
16-05-2025 17:20,248,,,,,,,,,,
16-05-2025 17:25,240,,,,,,,,,,
16-05-2025 17:30,224,,,,,,,,,,
16-05-2025 17:35,210,,,,,,,,,,
16-05-2025 17:40,200,,,,,,,,,,
16-05-2025 17:45,187,,,,,,,,,,
16-05-2025 17:50,176,,,,,,,,,,
16-05-2025 17:55,161,,,,,,,,,,
16-05-2025 18:00,148,,,,,,,,,,
16-05-2025 18:05,136,,,,,,,,,,
16-05-2025 18:10,119,,,,,,,,,,
16-05-2025 18:15,102,,,,,,,,,,
16-05-2025 18:20,90,,,,,,,,,,
16-05-2025 18:25,77,,,,,,,,,,
16-05-2025 18:30,66,,,,,,,,,,
16-05-2025 18:35,57,,,,,,,,,,
16-05-2025 18:40,48,,,,,,,,,,
16-05-2025 18:45,40,,,,,,,,,,
16-05-2025 18:50,32,,,,,,,,,,
16-05-2025 18:55,26,,,,,,,,,,
16-05-2025 19:00,20,,,,,,,,,,
16-05-2025 19:05,15,,,,,,,,,,
16-05-2025 19:10,11,,,,,,,,,,
16-05-2025 19:15,7,,,,,,,,,,
16-05-2025 19:20,4,,,,,,,,,,
16-05-2025 19:25,2,,,,,,,,,,
17-05-2025 05:45,6,,,,,,,,,,
17-05-2025 05:50,9,,,,,,,,,,
17-05-2025 05:55,13,,,,,,,,,,
17-05-2025 06:00,18,,,,,,,,,,
17-05-2025 06:05,24,,,,,,,,,,
17-05-2025 06:10,29,,,,,,,,,,
17-05-2025 06:15,35,,,,,,,,,,
17-05-2025 06:20,40,,,,,,,,,,
17-05-2025 06:25,46,,,,,,,,,,
17-05-2025 06:30,51,,,,,,,,,,
17-05-2025 06:35,56,,,,,,,,,,
17-05-2025 06:40,61,,,,,,,,,,
17-05-2025 06:45,66,,,,,,,,,,
17-05-2025 06:50,71,,,,,,,,,,
17-05-2025 06:55,77,,,,,,,,,,
17-05-2025 07:00,83,,,,,,,,,,
17-05-2025 07:05,89,,,,,,,,,,
17-05-2025 07:10,155,,,,,,,,,,
17-05-2025 07:15,171,,,,,,,,,,
17-05-2025 07:20,188,,,,,,,,,,
17-05-2025 07:25,206,,,,,,,,,,
17-05-2025 07:30,222,,,,,,,,,,
17-05-2025 07:35,240,,,,,,,,,,
17-05-2025 07:40,257,,,,,,,,,,
17-05-2025 07:45,276,,,,,,,,,,
17-05-2025 07:50,292,,,,,,,,,,
17-05-2025 07:55,311,,,,,,,,,,
17-05-2025 08:00,327,,,,,,,,,,
17-05-2025 08:05,344,,,,,,,,,,
17-05-2025 08:10,365,,,,,,,,,,
17-05-2025 08:15,375,,,,,,,,,,
17-05-2025 08:20,401,,,,,,,,,,
17-05-2025 08:25,419,,,,,,,,,,
17-05-2025 08:30,437,,,,,,,,,,
17-05-2025 08:35,456,,,,,,,,,,
17-05-2025 08:40,468,,,,,,,,,,
17-05-2025 08:45,491,,,,,,,,,,
17-05-2025 08:50,511,,,,,,,,,,
17-05-2025 08:55,523,,,,,,,,,,
17-05-2025 09:00,537,,,,,,,,,,
17-05-2025 09:05,555,,,,,,,,,,
17-05-2025 09:10,570,,,,,,,,,,
17-05-2025 09:15,590,,,,,,,,,,
17-05-2025 09:20,599,,,,,,,,,,
17-05-2025 09:25,612,,,,,,,,,,
17-05-2025 09:30,625,,,,,,,,,,
17-05-2025 09:35,638,,,,,,,,,,
17-05-2025 09:40,655,,,,,,,,,,
17-05-2025 09:45,664,,,,,,,,,,
17-05-2025 09:50,678,,,,,,,,,,
17-05-2025 09:55,693,,,,,,,,,,
17-05-2025 10:00,706,,,,,,,,,,
17-05-2025 10:05,715,,,,,,,,,,
17-05-2025 10:10,714,,,,,,,,,,
17-05-2025 10:15,740,,,,,,,,,,
17-05-2025 10:20,747,,,,,,,,,,
17-05-2025 10:25,768,,,,,,,,,,
17-05-2025 10:30,755,,,,,,,,,,
17-05-2025 10:35,788,,,,,,,,,,
17-05-2025 10:40,765,,,,,,,,,,
17-05-2025 10:45,789,,,,,,,,,,
17-05-2025 10:50,811,,,,,,,,,,
17-05-2025 10:55,832,,,,,,,,,,
17-05-2025 11:00,814,,,,,,,,,,
17-05-2025 11:05,830,,,,,,,,,,
17-05-2025 11:10,826,,,,,,,,,,
17-05-2025 11:15,848,,,,,,,,,,
17-05-2025 11:20,863,,,,,,,,,,
17-05-2025 11:25,858,,,,,,,,,,
17-05-2025 11:30,884,,,,,,,,,,
17-05-2025 11:35,890,,,,,,,,,,
17-05-2025 11:40,881,,,,,,,,,,
17-05-2025 11:45,890,,,,,,,,,,
17-05-2025 11:50,905,,,,,,,,,,
17-05-2025 11:55,902,,,,,,,,,,
17-05-2025 12:00,891,,,,,,,,,,
17-05-2025 12:05,890,,,,,,,,,,
17-05-2025 12:10,912,,,,,,,,,,
17-05-2025 12:15,906,,,,,,,,,,
17-05-2025 12:20,908,,,,,,,,,,
17-05-2025 12:25,904,,,,,,,,,,
17-05-2025 12:30,905,,,,,,,,,,
17-05-2025 12:35,927,,,,,,,,,,
17-05-2025 12:40,903,,,,,,,,,,
17-05-2025 12:45,904,,,,,,,,,,
17-05-2025 12:50,904,,,,,,,,,,
17-05-2025 12:55,897,,,,,,,,,,
17-05-2025 13:00,872,,,,,,,,,,
17-05-2025 13:05,895,,,,,,,,,,
17-05-2025 13:10,887,,,,,,,,,,
17-05-2025 13:15,887,,,,,,,,,,
17-05-2025 13:20,883,,,,,,,,,,
17-05-2025 13:25,875,,,,,,,,,,
17-05-2025 13:30,879,,,,,,,,,,
17-05-2025 13:35,871,,,,,,,,,,
17-05-2025 13:40,875,,,,,,,,,,
17-05-2025 13:45,867,,,,,,,,,,
17-05-2025 13:50,854,,,,,,,,,,
17-05-2025 13:55,849,,,,,,,,,,
17-05-2025 14:00,836,,,,,,,,,,
17-05-2025 14:05,837,,,,,,,,,,
17-05-2025 14:10,817,,,,,,,,,,
17-05-2025 14:15,810,,,,,,,,,,
17-05-2025 14:20,800,,,,,,,,,,
17-05-2025 14:25,806,,,,,,,,,,
17-05-2025 14:30,777,,,,,,,,,,
17-05-2025 14:35,771,,,,,,,,,,
17-05-2025 14:40,771,,,,,,,,,,
17-05-2025 14:45,745,,,,,,,,,,
17-05-2025 14:50,741,,,,,,,,,,
17-05-2025 14:55,724,,,,,,,,,,
17-05-2025 15:00,720,,,,,,,,,,
17-05-2025 15:05,707,,,,,,,,,,
17-05-2025 15:10,698,,,,,,,,,,
17-05-2025 15:15,684,,,,,,,,,,
17-05-2025 15:20,668,,,,,,,,,,
17-05-2025 15:25,666,,,,,,,,,,
17-05-2025 15:30,645,,,,,,,,,,
17-05-2025 15:35,627,,,,,,,,,,
17-05-2025 15:40,632,,,,,,,,,,
17-05-2025 15:45,609,,,,,,,,,,
17-05-2025 15:50,583,,,,,,,,,,
17-05-2025 15:55,574,,,,,,,,,,
17-05-2025 16:00,561,,,,,,,,,,
17-05-2025 16:05,549,,,,,,,,,,
17-05-2025 16:10,524,,,,,,,,,,
17-05-2025 16:15,508,,,,,,,,,,
17-05-2025 16:20,500,,,,,,,,,,
17-05-2025 16:25,475,,,,,,,,,,
17-05-2025 16:30,462,,,,,,,,,,
17-05-2025 16:35,448,,,,,,,,,,
17-05-2025 16:40,436,,,,,,,,,,
17-05-2025 16:45,418,,,,,,,,,,
17-05-2025 16:50,397,,,,,,,,,,
17-05-2025 16:55,380,,,,,,,,,,
17-05-2025 17:00,360,,,,,,,,,,
17-05-2025 17:05,350,,,,,,,,,,
17-05-2025 17:10,339,,,,,,,,,,
17-05-2025 17:15,322,,,,,,,,,,
17-05-2025 17:20,309,,,,,,,,,,
17-05-2025 17:25,289,,,,,,,,,,
17-05-2025 17:30,268,,,,,,,,,,
17-05-2025 17:35,250,,,,,,,,,,
17-05-2025 17:40,226,,,,,,,,,,
17-05-2025 17:45,213,,,,,,,,,,
17-05-2025 17:50,197,,,,,,,,,,
17-05-2025 17:55,191,,,,,,,,,,
17-05-2025 18:00,170,,,,,,,,,,
17-05-2025 18:05,154,,,,,,,,,,
17-05-2025 18:10,137,,,,,,,,,,
17-05-2025 18:15,126,,,,,,,,,,
17-05-2025 18:20,115,,,,,,,,,,
17-05-2025 18:25,101,,,,,,,,,,
17-05-2025 18:30,88,,,,,,,,,,
17-05-2025 18:35,74,,,,,,,,,,
17-05-2025 18:40,64,,,,,,,,,,
17-05-2025 18:45,55,,,,,,,,,,
17-05-2025 18:50,45,,,,,,,,,,
17-05-2025 18:55,36,,,,,,,,,,
17-05-2025 19:00,28,,,,,,,,,,
17-05-2025 19:05,21,,,,,,,,,,
17-05-2025 19:10,14,,,,,,,,,,
17-05-2025 19:15,9,,,,,,,,,,
17-05-2025 19:20,6,,,,,,,,,,
17-05-2025 19:25,3,,,,,,,,,,
17-05-2025 19:30,1,,,,,,,,,,
18-05-2025 05:45,6,,,,,,,,,,
18-05-2025 05:50,10,,,,,,,,,,
18-05-2025 05:55,14,,,,,,,,,,
18-05-2025 06:00,19,,,,,,,,,,
18-05-2025 06:05,24,,,,,,,,,,
18-05-2025 06:10,29,,,,,,,,,,
18-05-2025 06:15,34,,,,,,,,,,
18-05-2025 06:20,39,,,,,,,,,,
18-05-2025 06:25,44,,,,,,,,,,
18-05-2025 06:30,48,,,,,,,,,,
18-05-2025 06:35,53,,,,,,,,,,
18-05-2025 06:40,57,,,,,,,,,,
18-05-2025 06:45,62,,,,,,,,,,
18-05-2025 06:50,66,,,,,,,,,,
18-05-2025 06:55,70,,,,,,,,,,
18-05-2025 07:00,76,,,,,,,,,,
18-05-2025 07:05,81,,,,,,,,,,
18-05-2025 07:10,164,,,,,,,,,,
18-05-2025 07:15,181,,,,,,,,,,
18-05-2025 07:20,197,,,,,,,,,,
18-05-2025 07:25,214,,,,,,,,,,
18-05-2025 07:30,232,,,,,,,,,,
18-05-2025 07:35,250,,,,,,,,,,
18-05-2025 07:40,267,,,,,,,,,,
18-05-2025 07:45,286,,,,,,,,,,
18-05-2025 07:50,305,,,,,,,,,,
18-05-2025 07:55,323,,,,,,,,,,
18-05-2025 08:00,341,,,,,,,,,,
18-05-2025 08:05,354,,,,,,,,,,
18-05-2025 08:10,373,,,,,,,,,,
18-05-2025 08:15,390,,,,,,,,,,
18-05-2025 08:20,407,,,,,,,,,,
18-05-2025 08:25,428,,,,,,,,,,
18-05-2025 08:30,444,,,,,,,,,,
18-05-2025 08:35,459,,,,,,,,,,
18-05-2025 08:40,474,,,,,,,,,,
18-05-2025 08:45,493,,,,,,,,,,
18-05-2025 08:50,519,,,,,,,,,,
18-05-2025 08:55,529,,,,,,,,,,
18-05-2025 09:00,542,,,,,,,,,,
18-05-2025 09:05,560,,,,,,,,,,
18-05-2025 09:10,573,,,,,,,,,,
18-05-2025 09:15,591,,,,,,,,,,
18-05-2025 09:20,616,,,,,,,,,,
18-05-2025 09:25,622,,,,,,,,,,
18-05-2025 09:30,634,,,,,,,,,,
18-05-2025 09:35,652,,,,,,,,,,
18-05-2025 09:40,668,,,,,,,,,,
18-05-2025 09:45,680,,,,,,,,,,
18-05-2025 09:50,682,,,,,,,,,,
18-05-2025 09:55,686,,,,,,,,,,
18-05-2025 10:00,713,,,,,,,,,,
18-05-2025 10:05,725,,,,,,,,,,
18-05-2025 10:10,734,,,,,,,,,,
18-05-2025 10:15,753,,,,,,,,,,
18-05-2025 10:20,780,,,,,,,,,,
18-05-2025 10:25,784,,,,,,,,,,
18-05-2025 10:30,788,,,,,,,,,,
18-05-2025 10:35,791,,,,,,,,,,
18-05-2025 10:40,801,,,,,,,,,,
18-05-2025 10:45,813,,,,,,,,,,
18-05-2025 10:50,806,,,,,,,,,,
18-05-2025 10:55,836,,,,,,,,,,
18-05-2025 11:00,860,,,,,,,,,,
18-05-2025 11:05,810,,,,,,,,,,
18-05-2025 11:10,851,,,,,,,,,,
18-05-2025 11:15,858,,,,,,,,,,
18-05-2025 11:20,845,,,,,,,,,,
18-05-2025 11:25,831,,,,,,,,,,
18-05-2025 11:30,859,,,,,,,,,,
18-05-2025 11:35,883,,,,,,,,,,
18-05-2025 11:40,902,,,,,,,,,,
18-05-2025 11:45,888,,,,,,,,,,
18-05-2025 11:50,897,,,,,,,,,,
18-05-2025 11:55,953,,,,,,,,,,
18-05-2025 12:00,896,,,,,,,,,,
18-05-2025 12:05,906,,,,,,,,,,
18-05-2025 12:10,885,,,,,,,,,,
18-05-2025 12:15,866,,,,,,,,,,
18-05-2025 12:20,902,,,,,,,,,,
18-05-2025 12:25,919,,,,,,,,,,
18-05-2025 12:30,927,,,,,,,,,,
18-05-2025 12:35,910,,,,,,,,,,
18-05-2025 12:40,921,,,,,,,,,,
18-05-2025 12:45,940,,,,,,,,,,
18-05-2025 12:50,933,,,,,,,,,,
18-05-2025 12:55,918,,,,,,,,,,
18-05-2025 13:00,927,,,,,,,,,,
18-05-2025 13:05,913,,,,,,,,,,
18-05-2025 13:10,901,,,,,,,,,,
18-05-2025 13:15,889,,,,,,,,,,
18-05-2025 13:20,905,,,,,,,,,,
18-05-2025 13:25,908,,,,,,,,,,
18-05-2025 13:30,865,,,,,,,,,,
18-05-2025 13:35,876,,,,,,,,,,
18-05-2025 13:40,855,,,,,,,,,,
18-05-2025 13:45,875,,,,,,,,,,
18-05-2025 13:50,870,,,,,,,,,,
18-05-2025 13:55,866,,,,,,,,,,
18-05-2025 14:00,852,,,,,,,,,,
18-05-2025 14:05,835,,,,,,,,,,
18-05-2025 14:10,837,,,,,,,,,,
18-05-2025 14:15,837,,,,,,,,,,
18-05-2025 14:20,827,,,,,,,,,,
18-05-2025 14:25,817,,,,,,,,,,
18-05-2025 14:30,796,,,,,,,,,,
18-05-2025 14:35,793,,,,,,,,,,
18-05-2025 14:40,775,,,,,,,,,,
18-05-2025 14:45,767,,,,,,,,,,
18-05-2025 14:50,761,,,,,,,,,,
18-05-2025 14:55,745,,,,,,,,,,
18-05-2025 15:00,740,,,,,,,,,,
18-05-2025 15:05,732,,,,,,,,,,
18-05-2025 15:10,712,,,,,,,,,,
18-05-2025 15:15,695,,,,,,,,,,
18-05-2025 15:20,680,,,,,,,,,,
18-05-2025 15:25,671,,,,,,,,,,
18-05-2025 15:30,657,,,,,,,,,,
18-05-2025 15:35,644,,,,,,,,,,
18-05-2025 15:40,632,,,,,,,,,,
18-05-2025 15:45,610,,,,,,,,,,
18-05-2025 15:50,600,,,,,,,,,,
18-05-2025 15:55,583,,,,,,,,,,
18-05-2025 16:00,572,,,,,,,,,,
18-05-2025 16:05,555,,,,,,,,,,
18-05-2025 16:10,535,,,,,,,,,,
18-05-2025 16:15,512,,,,,,,,,,
18-05-2025 16:20,493,,,,,,,,,,
18-05-2025 16:25,485,,,,,,,,,,
18-05-2025 16:30,457,,,,,,,,,,
18-05-2025 16:35,445,,,,,,,,,,
18-05-2025 16:40,423,,,,,,,,,,
18-05-2025 16:45,406,,,,,,,,,,
18-05-2025 16:50,396,,,,,,,,,,
18-05-2025 16:55,366,,,,,,,,,,
18-05-2025 17:00,351,,,,,,,,,,
18-05-2025 17:05,333,,,,,,,,,,
18-05-2025 17:10,302,,,,,,,,,,
18-05-2025 17:15,293,,,,,,,,,,
18-05-2025 17:20,281,,,,,,,,,,
18-05-2025 17:25,261,,,,,,,,,,
18-05-2025 17:30,252,,,,,,,,,,
18-05-2025 17:35,222,,,,,,,,,,
18-05-2025 17:40,216,,,,,,,,,,
18-05-2025 17:45,196,,,,,,,,,,
18-05-2025 17:50,182,,,,,,,,,,
18-05-2025 17:55,171,,,,,,,,,,
18-05-2025 18:00,157,,,,,,,,,,
18-05-2025 18:05,141,,,,,,,,,,
18-05-2025 18:10,127,,,,,,,,,,
18-05-2025 18:15,115,,,,,,,,,,
18-05-2025 18:20,100,,,,,,,,,,
18-05-2025 18:25,87,,,,,,,,,,
18-05-2025 18:30,75,,,,,,,,,,
18-05-2025 18:35,62,,,,,,,,,,
18-05-2025 18:40,52,,,,,,,,,,
18-05-2025 18:45,43,,,,,,,,,,
18-05-2025 18:50,35,,,,,,,,,,
18-05-2025 18:55,28,,,,,,,,,,
18-05-2025 19:00,21,,,,,,,,,,
18-05-2025 19:05,15,,,,,,,,,,
18-05-2025 19:10,11,,,,,,,,,,
18-05-2025 19:15,7,,,,,,,,,,
18-05-2025 19:20,4,,,,,,,,,,
18-05-2025 19:25,2,,,,,,,,,,
18-05-2025 19:30,1,,,,,,,,,,
19-05-2025 05:35,2,,,,,,,,,,
19-05-2025 05:50,10,,,,,,,,,,
19-05-2025 05:55,15,,,,,,,,,,
19-05-2025 06:00,20,,,,,,,,,,
19-05-2025 06:05,9,,,,,,,,,,
19-05-2025 06:10,32,,,,,,,,,,
19-05-2025 06:15,37,,,,,,,,,,
19-05-2025 06:20,43,,,,,,,,,,
19-05-2025 06:25,48,,,,,,,,,,
19-05-2025 06:30,53,,,,,,,,,,
19-05-2025 06:35,60,,,,,,,,,,
19-05-2025 06:40,66,,,,,,,,,,
19-05-2025 06:45,72,,,,,,,,,,
19-05-2025 06:50,77,,,,,,,,,,
19-05-2025 06:55,83,,,,,,,,,,
19-05-2025 07:00,91,,,,,,,,,,
19-05-2025 07:05,99,,,,,,,,,,
19-05-2025 07:10,147,,,,,,,,,,
19-05-2025 07:15,165,,,,,,,,,,
19-05-2025 07:20,181,,,,,,,,,,
19-05-2025 07:25,196,,,,,,,,,,
19-05-2025 07:30,209,,,,,,,,,,
19-05-2025 07:35,225,,,,,,,,,,
19-05-2025 07:40,242,,,,,,,,,,
19-05-2025 07:45,258,,,,,,,,,,
19-05-2025 07:50,275,,,,,,,,,,
19-05-2025 07:55,295,,,,,,,,,,
19-05-2025 08:00,314,,,,,,,,,,
19-05-2025 08:05,336,,,,,,,,,,
19-05-2025 08:10,347,,,,,,,,,,
19-05-2025 08:15,367,,,,,,,,,,
19-05-2025 08:20,382,,,,,,,,,,
19-05-2025 08:25,400,,,,,,,,,,
19-05-2025 08:30,412,,,,,,,,,,
19-05-2025 08:35,425,,,,,,,,,,
19-05-2025 08:40,448,,,,,,,,,,
19-05-2025 08:45,462,,,,,,,,,,
19-05-2025 08:50,479,,,,,,,,,,
19-05-2025 08:55,495,,,,,,,,,,
19-05-2025 09:00,512,,,,,,,,,,
19-05-2025 09:05,534,,,,,,,,,,
19-05-2025 09:10,546,,,,,,,,,,
19-05-2025 09:15,564,,,,,,,,,,
19-05-2025 09:20,579,,,,,,,,,,
19-05-2025 09:25,599,,,,,,,,,,
19-05-2025 09:30,609,,,,,,,,,,
19-05-2025 09:35,624,,,,,,,,,,
19-05-2025 09:40,639,,,,,,,,,,
19-05-2025 09:45,648,,,,,,,,,,
19-05-2025 09:50,668,,,,,,,,,,
19-05-2025 09:55,677,,,,,,,,,,
19-05-2025 10:00,689,,,,,,,,,,
19-05-2025 10:05,699,,,,,,,,,,
19-05-2025 10:10,705,,,,,,,,,,
19-05-2025 10:15,723,,,,,,,,,,
19-05-2025 10:20,729,,,,,,,,,,
19-05-2025 10:25,741,,,,,,,,,,
19-05-2025 10:30,749,,,,,,,,,,
19-05-2025 10:35,753,,,,,,,,,,
19-05-2025 10:40,769,,,,,,,,,,
19-05-2025 10:45,774,,,,,,,,,,
19-05-2025 10:50,792,,,,,,,,,,
19-05-2025 10:55,793,,,,,,,,,,
19-05-2025 11:00,812,,,,,,,,,,
19-05-2025 11:05,814,,,,,,,,,,
19-05-2025 11:10,809,,,,,,,,,,
19-05-2025 11:15,817,,,,,,,,,,
19-05-2025 11:20,842,,,,,,,,,,
19-05-2025 11:25,831,,,,,,,,,,
19-05-2025 11:30,854,,,,,,,,,,
19-05-2025 11:35,848,,,,,,,,,,
19-05-2025 11:40,852,,,,,,,,,,
19-05-2025 11:45,865,,,,,,,,,,
19-05-2025 11:50,864,,,,,,,,,,
19-05-2025 11:55,860,,,,,,,,,,
19-05-2025 12:00,873,,,,,,,,,,
19-05-2025 12:05,862,,,,,,,,,,
19-05-2025 12:10,862,,,,,,,,,,
19-05-2025 12:15,862,,,,,,,,,,
19-05-2025 12:20,867,,,,,,,,,,
19-05-2025 12:25,853,,,,,,,,,,
19-05-2025 12:30,860,,,,,,,,,,
19-05-2025 12:35,877,,,,,,,,,,
19-05-2025 12:40,866,,,,,,,,,,
19-05-2025 12:45,837,,,,,,,,,,
19-05-2025 12:50,845,,,,,,,,,,
19-05-2025 12:55,856,,,,,,,,,,
19-05-2025 13:00,865,,,,,,,,,,
19-05-2025 13:05,855,,,,,,,,,,
19-05-2025 13:10,854,,,,,,,,,,
19-05-2025 13:15,831,,,,,,,,,,
19-05-2025 13:20,833,,,,,,,,,,
19-05-2025 13:25,838,,,,,,,,,,
19-05-2025 13:30,830,,,,,,,,,,
19-05-2025 13:35,829,,,,,,,,,,
19-05-2025 13:40,823,,,,,,,,,,
19-05-2025 13:45,822,,,,,,,,,,
19-05-2025 13:50,817,,,,,,,,,,
19-05-2025 13:55,808,,,,,,,,,,
19-05-2025 14:00,808,,,,,,,,,,
19-05-2025 14:05,782,,,,,,,,,,
19-05-2025 14:10,777,,,,,,,,,,
19-05-2025 14:15,767,,,,,,,,,,
19-05-2025 14:20,760,,,,,,,,,,
19-05-2025 14:25,733,,,,,,,,,,
19-05-2025 14:30,735,,,,,,,,,,
19-05-2025 14:35,723,,,,,,,,,,
19-05-2025 14:40,723,,,,,,,,,,
19-05-2025 14:45,695,,,,,,,,,,
19-05-2025 14:50,675,,,,,,,,,,
19-05-2025 14:55,673,,,,,,,,,,
19-05-2025 15:00,641,,,,,,,,,,
19-05-2025 15:05,628,,,,,,,,,,
19-05-2025 15:10,625,,,,,,,,,,
19-05-2025 15:15,607,,,,,,,,,,
19-05-2025 15:20,587,,,,,,,,,,
19-05-2025 15:25,571,,,,,,,,,,
19-05-2025 15:30,571,,,,,,,,,,
19-05-2025 15:35,556,,,,,,,,,,
19-05-2025 15:40,538,,,,,,,,,,
19-05-2025 15:45,519,,,,,,,,,,
19-05-2025 15:50,514,,,,,,,,,,
19-05-2025 15:55,506,,,,,,,,,,
19-05-2025 16:00,489,,,,,,,,,,
19-05-2025 16:05,477,,,,,,,,,,
19-05-2025 16:10,459,,,,,,,,,,
19-05-2025 16:15,447,,,,,,,,,,
19-05-2025 16:20,434,,,,,,,,,,
19-05-2025 16:25,424,,,,,,,,,,
19-05-2025 16:30,406,,,,,,,,,,
19-05-2025 16:35,409,,,,,,,,,,
19-05-2025 16:40,385,,,,,,,,,,
19-05-2025 16:45,363,,,,,,,,,,
19-05-2025 16:50,348,,,,,,,,,,
19-05-2025 16:55,330,,,,,,,,,,
19-05-2025 17:00,308,,,,,,,,,,
19-05-2025 17:05,294,,,,,,,,,,
19-05-2025 17:10,277,,,,,,,,,,
19-05-2025 17:15,261,,,,,,,,,,
19-05-2025 17:20,248,,,,,,,,,,
19-05-2025 17:25,230,,,,,,,,,,
19-05-2025 17:30,218,,,,,,,,,,
19-05-2025 17:35,207,,,,,,,,,,
19-05-2025 17:40,191,,,,,,,,,,
19-05-2025 17:45,180,,,,,,,,,,
19-05-2025 17:50,166,,,,,,,,,,
19-05-2025 17:55,152,,,,,,,,,,
19-05-2025 18:00,140,,,,,,,,,,
19-05-2025 18:05,130,,,,,,,,,,
19-05-2025 18:10,118,,,,,,,,,,
19-05-2025 18:15,0,,,,,,,,,,
19-05-2025 18:20,0,,,,,,,,,,
19-05-2025 18:25,0,,,,,,,,,,
19-05-2025 18:30,0,,,,,,,,,,
19-05-2025 18:35,0,,,,,,,,,,
19-05-2025 18:40,0,,,,,,,,,,
19-05-2025 18:45,0,,,,,,,,,,
19-05-2025 18:50,0,,,,,,,,,,
19-05-2025 18:55,26,,,,,,,,,,
19-05-2025 19:00,20,,,,,,,,,,
19-05-2025 19:05,14,,,,,,,,,,
19-05-2025 19:10,10,,,,,,,,,,
19-05-2025 19:15,6,,,,,,,,,,
19-05-2025 19:20,4,,,,,,,,,,
19-05-2025 19:25,2,,,,,,,,,,
19-05-2025 19:30,1,,,,,,,,,,
20-05-2025 05:45,7,,,,,,,,,,
20-05-2025 05:50,11,,,,,,,,,,
20-05-2025 05:55,15,,,,,,,,,,
20-05-2025 06:00,20,,,,,,,,,,
20-05-2025 06:05,26,,,,,,,,,,
20-05-2025 06:10,32,,,,,,,,,,
20-05-2025 06:15,38,,,,,,,,,,
20-05-2025 06:20,44,,,,,,,,,,
20-05-2025 06:25,50,,,,,,,,,,
20-05-2025 06:30,56,,,,,,,,,,
20-05-2025 06:35,62,,,,,,,,,,
20-05-2025 06:40,68,,,,,,,,,,
20-05-2025 06:45,75,,,,,,,,,,
20-05-2025 06:50,82,,,,,,,,,,
20-05-2025 06:55,88,,,,,,,,,,
20-05-2025 07:00,96,,,,,,,,,,
20-05-2025 07:05,108,,,,,,,,,,
20-05-2025 07:10,144,,,,,,,,,,
20-05-2025 07:15,158,,,,,,,,,,
20-05-2025 07:20,172,,,,,,,,,,
20-05-2025 07:25,186,,,,,,,,,,
20-05-2025 07:30,201,,,,,,,,,,
20-05-2025 07:35,216,,,,,,,,,,
20-05-2025 07:40,232,,,,,,,,,,
20-05-2025 07:45,246,,,,,,,,,,
20-05-2025 07:50,262,,,,,,,,,,
20-05-2025 07:55,278,,,,,,,,,,
20-05-2025 08:00,295,,,,,,,,,,
20-05-2025 08:05,309,,,,,,,,,,
20-05-2025 08:10,325,,,,,,,,,,
20-05-2025 08:15,343,,,,,,,,,,
20-05-2025 08:20,360,,,,,,,,,,
20-05-2025 08:25,376,,,,,,,,,,
20-05-2025 08:30,391,,,,,,,,,,
20-05-2025 08:35,409,,,,,,,,,,
20-05-2025 08:40,423,,,,,,,,,,
20-05-2025 08:45,439,,,,,,,,,,
20-05-2025 08:50,453,,,,,,,,,,
20-05-2025 08:55,471,,,,,,,,,,
20-05-2025 09:00,484,,,,,,,,,,
20-05-2025 09:05,499,,,,,,,,,,
20-05-2025 09:10,514,,,,,,,,,,
20-05-2025 09:15,530,,,,,,,,,,
20-05-2025 09:20,545,,,,,,,,,,
20-05-2025 09:25,559,,,,,,,,,,
20-05-2025 09:30,564,,,,,,,,,,
20-05-2025 09:35,583,,,,,,,,,,
20-05-2025 09:40,600,,,,,,,,,,
20-05-2025 09:45,615,,,,,,,,,,
20-05-2025 09:50,633,,,,,,,,,,
20-05-2025 09:55,634,,,,,,,,,,
20-05-2025 10:00,651,,,,,,,,,,
20-05-2025 10:05,673,,,,,,,,,,
20-05-2025 10:10,681,,,,,,,,,,
20-05-2025 10:15,687,,,,,,,,,,
20-05-2025 10:20,698,,,,,,,,,,
20-05-2025 10:25,701,,,,,,,,,,
20-05-2025 10:30,721,,,,,,,,,,
20-05-2025 10:35,742,,,,,,,,,,
20-05-2025 10:40,743,,,,,,,,,,
20-05-2025 10:45,743,,,,,,,,,,
20-05-2025 10:50,762,,,,,,,,,,
20-05-2025 10:55,776,,,,,,,,,,
20-05-2025 11:00,778,,,,,,,,,,
20-05-2025 11:05,778,,,,,,,,,,
20-05-2025 11:10,793,,,,,,,,,,
20-05-2025 11:15,789,,,,,,,,,,
20-05-2025 11:20,810,,,,,,,,,,
20-05-2025 11:25,808,,,,,,,,,,
20-05-2025 11:30,810,,,,,,,,,,
20-05-2025 11:35,819,,,,,,,,,,
20-05-2025 11:40,828,,,,,,,,,,
20-05-2025 11:45,835,,,,,,,,,,
20-05-2025 11:50,848,,,,,,,,,,
20-05-2025 11:55,841,,,,,,,,,,
20-05-2025 12:00,843,,,,,,,,,,
20-05-2025 12:05,846,,,,,,,,,,
20-05-2025 12:10,845,,,,,,,,,,
20-05-2025 12:15,873,,,,,,,,,,
20-05-2025 12:20,868,,,,,,,,,,
20-05-2025 12:25,867,,,,,,,,,,
20-05-2025 12:30,872,,,,,,,,,,
20-05-2025 12:35,866,,,,,,,,,,
20-05-2025 12:40,869,,,,,,,,,,
20-05-2025 12:45,861,,,,,,,,,,
20-05-2025 12:50,865,,,,,,,,,,
20-05-2025 12:55,874,,,,,,,,,,
20-05-2025 13:00,859,,,,,,,,,,
20-05-2025 13:05,866,,,,,,,,,,
20-05-2025 13:10,859,,,,,,,,,,
20-05-2025 13:15,857,,,,,,,,,,
20-05-2025 13:20,849,,,,,,,,,,
20-05-2025 13:25,837,,,,,,,,,,
20-05-2025 13:30,829,,,,,,,,,,
20-05-2025 13:35,817,,,,,,,,,,
20-05-2025 13:40,794,,,,,,,,,,
20-05-2025 13:45,799,,,,,,,,,,
20-05-2025 13:50,798,,,,,,,,,,
20-05-2025 13:55,796,,,,,,,,,,
20-05-2025 14:00,784,,,,,,,,,,
20-05-2025 14:05,781,,,,,,,,,,
20-05-2025 14:10,777,,,,,,,,,,
20-05-2025 14:15,764,,,,,,,,,,
20-05-2025 14:20,743,,,,,,,,,,
20-05-2025 14:25,741,,,,,,,,,,
20-05-2025 14:30,722,,,,,,,,,,
20-05-2025 14:35,701,,,,,,,,,,
20-05-2025 14:40,689,,,,,,,,,,
20-05-2025 14:45,688,,,,,,,,,,
20-05-2025 14:50,674,,,,,,,,,,
20-05-2025 14:55,670,,,,,,,,,,
20-05-2025 15:00,661,,,,,,,,,,
20-05-2025 15:05,642,,,,,,,,,,
20-05-2025 15:10,638,,,,,,,,,,
20-05-2025 15:15,625,,,,,,,,,,
20-05-2025 15:20,613,,,,,,,,,,
20-05-2025 15:25,609,,,,,,,,,,
20-05-2025 15:30,588,,,,,,,,,,
20-05-2025 15:35,577,,,,,,,,,,
20-05-2025 15:40,560,,,,,,,,,,
20-05-2025 15:45,544,,,,,,,,,,
20-05-2025 15:50,532,,,,,,,,,,
20-05-2025 15:55,510,,,,,,,,,,
20-05-2025 16:00,498,,,,,,,,,,
20-05-2025 16:05,481,,,,,,,,,,
20-05-2025 16:10,467,,,,,,,,,,
20-05-2025 16:15,457,,,,,,,,,,
20-05-2025 16:20,432,,,,,,,,,,
20-05-2025 16:25,417,,,,,,,,,,
20-05-2025 16:30,407,,,,,,,,,,
20-05-2025 16:35,388,,,,,,,,,,
20-05-2025 16:40,374,,,,,,,,,,
20-05-2025 16:45,356,,,,,,,,,,
20-05-2025 16:50,343,,,,,,,,,,
20-05-2025 16:55,329,,,,,,,,,,
20-05-2025 17:00,297,,,,,,,,,,
20-05-2025 17:05,290,,,,,,,,,,
20-05-2025 17:10,275,,,,,,,,,,
20-05-2025 17:15,263,,,,,,,,,,
20-05-2025 17:20,249,,,,,,,,,,
20-05-2025 17:25,234,,,,,,,,,,
20-05-2025 17:30,217,,,,,,,,,,
20-05-2025 17:35,202,,,,,,,,,,
20-05-2025 17:40,188,,,,,,,,,,
20-05-2025 17:45,173,,,,,,,,,,
20-05-2025 17:50,161,,,,,,,,,,
20-05-2025 17:55,148,,,,,,,,,,
20-05-2025 18:00,136,,,,,,,,,,
20-05-2025 18:05,122,,,,,,,,,,
20-05-2025 18:10,111,,,,,,,,,,
20-05-2025 18:15,99,,,,,,,,,,
20-05-2025 18:20,89,,,,,,,,,,
20-05-2025 18:25,78,,,,,,,,,,
20-05-2025 18:30,69,,,,,,,,,,
20-05-2025 18:35,60,,,,,,,,,,
20-05-2025 18:40,52,,,,,,,,,,
20-05-2025 18:45,44,,,,,,,,,,
20-05-2025 18:50,36,,,,,,,,,,
20-05-2025 18:55,29,,,,,,,,,,
20-05-2025 19:00,23,,,,,,,,,,
20-05-2025 19:05,17,,,,,,,,,,
20-05-2025 19:10,13,,,,,,,,,,
20-05-2025 19:15,8,,,,,,,,,,
20-05-2025 19:20,5,,,,,,,,,,
20-05-2025 19:25,3,,,,,,,,,,
20-05-2025 19:30,2,,,,,,,,,,
21-05-2025 05:45,7,,,,,,,,,,
21-05-2025 05:50,11,,,,,,,,,,
21-05-2025 05:55,15,,,,,,,,,,
21-05-2025 06:00,20,,,,,,,,,,
21-05-2025 06:05,25,,,,,,,,,,
21-05-2025 06:10,30,,,,,,,,,,
21-05-2025 06:15,35,,,,,,,,,,
21-05-2025 06:20,41,,,,,,,,,,
21-05-2025 06:25,47,,,,,,,,,,
21-05-2025 06:30,53,,,,,,,,,,
21-05-2025 06:35,59,,,,,,,,,,
21-05-2025 06:40,66,,,,,,,,,,
21-05-2025 06:45,72,,,,,,,,,,
21-05-2025 06:50,77,,,,,,,,,,
21-05-2025 06:55,83,,,,,,,,,,
21-05-2025 07:00,90,,,,,,,,,,
21-05-2025 07:05,107,,,,,,,,,,
21-05-2025 07:10,141,,,,,,,,,,
21-05-2025 07:15,155,,,,,,,,,,
21-05-2025 07:20,172,,,,,,,,,,
21-05-2025 07:25,184,,,,,,,,,,
21-05-2025 07:30,200,,,,,,,,,,
21-05-2025 07:35,218,,,,,,,,,,
21-05-2025 07:40,235,,,,,,,,,,
21-05-2025 07:45,250,,,,,,,,,,
21-05-2025 07:50,268,,,,,,,,,,
21-05-2025 07:55,283,,,,,,,,,,
21-05-2025 08:00,304,,,,,,,,,,
21-05-2025 08:05,322,,,,,,,,,,
21-05-2025 08:10,338,,,,,,,,,,
21-05-2025 08:15,353,,,,,,,,,,
21-05-2025 08:20,372,,,,,,,,,,
21-05-2025 08:25,389,,,,,,,,,,
21-05-2025 08:30,404,,,,,,,,,,
21-05-2025 08:35,418,,,,,,,,,,
21-05-2025 08:40,438,,,,,,,,,,
21-05-2025 08:45,461,,,,,,,,,,
21-05-2025 08:50,476,,,,,,,,,,
21-05-2025 08:55,487,,,,,,,,,,
21-05-2025 09:00,498,,,,,,,,,,
21-05-2025 09:05,516,,,,,,,,,,
21-05-2025 09:10,532,,,,,,,,,,
21-05-2025 09:15,550,,,,,,,,,,
21-05-2025 09:20,563,,,,,,,,,,
21-05-2025 09:25,574,,,,,,,,,,
21-05-2025 09:30,591,,,,,,,,,,
21-05-2025 09:35,597,,,,,,,,,,
21-05-2025 09:40,620,,,,,,,,,,
21-05-2025 09:45,637,,,,,,,,,,
21-05-2025 09:50,643,,,,,,,,,,
21-05-2025 09:55,657,,,,,,,,,,
21-05-2025 10:00,681,,,,,,,,,,
21-05-2025 10:05,698,,,,,,,,,,
21-05-2025 10:10,710,,,,,,,,,,
21-05-2025 10:15,710,,,,,,,,,,
21-05-2025 10:20,736,,,,,,,,,,
21-05-2025 10:25,743,,,,,,,,,,
21-05-2025 10:30,754,,,,,,,,,,
21-05-2025 10:35,767,,,,,,,,,,
21-05-2025 10:40,781,,,,,,,,,,
21-05-2025 10:45,771,,,,,,,,,,
21-05-2025 10:50,790,,,,,,,,,,
21-05-2025 10:55,786,,,,,,,,,,
21-05-2025 11:00,810,,,,,,,,,,
21-05-2025 11:05,815,,,,,,,,,,
21-05-2025 11:10,833,,,,,,,,,,
21-05-2025 11:15,830,,,,,,,,,,
21-05-2025 11:20,838,,,,,,,,,,
21-05-2025 11:25,858,,,,,,,,,,
21-05-2025 11:30,854,,,,,,,,,,
21-05-2025 11:35,865,,,,,,,,,,
21-05-2025 11:40,869,,,,,,,,,,
21-05-2025 11:45,881,,,,,,,,,,
21-05-2025 11:50,888,,,,,,,,,,
21-05-2025 11:55,896,,,,,,,,,,
21-05-2025 12:00,895,,,,,,,,,,
21-05-2025 12:05,883,,,,,,,,,,
21-05-2025 12:10,906,,,,,,,,,,
21-05-2025 12:15,901,,,,,,,,,,
21-05-2025 12:20,885,,,,,,,,,,
21-05-2025 12:25,892,,,,,,,,,,
21-05-2025 12:30,917,,,,,,,,,,
21-05-2025 12:35,891,,,,,,,,,,
21-05-2025 12:40,882,,,,,,,,,,
21-05-2025 12:45,885,,,,,,,,,,
21-05-2025 12:50,921,,,,,,,,,,
21-05-2025 12:55,928,,,,,,,,,,
21-05-2025 13:00,902,,,,,,,,,,
21-05-2025 13:05,885,,,,,,,,,,
21-05-2025 13:10,907,,,,,,,,,,
21-05-2025 13:15,889,,,,,,,,,,
21-05-2025 13:20,904,,,,,,,,,,
21-05-2025 13:25,914,,,,,,,,,,
21-05-2025 13:30,873,,,,,,,,,,
21-05-2025 13:35,888,,,,,,,,,,
21-05-2025 13:40,853,,,,,,,,,,
21-05-2025 13:45,836,,,,,,,,,,
21-05-2025 13:50,850,,,,,,,,,,
21-05-2025 13:55,855,,,,,,,,,,
21-05-2025 14:00,845,,,,,,,,,,
21-05-2025 14:05,836,,,,,,,,,,
21-05-2025 14:10,815,,,,,,,,,,
21-05-2025 14:15,806,,,,,,,,,,
21-05-2025 14:20,830,,,,,,,,,,
21-05-2025 14:25,798,,,,,,,,,,
21-05-2025 14:30,792,,,,,,,,,,
21-05-2025 14:35,759,,,,,,,,,,
21-05-2025 14:40,760,,,,,,,,,,
21-05-2025 14:45,747,,,,,,,,,,
21-05-2025 14:50,759,,,,,,,,,,
21-05-2025 14:55,737,,,,,,,,,,
21-05-2025 15:00,715,,,,,,,,,,
21-05-2025 15:05,728,,,,,,,,,,
21-05-2025 15:10,678,,,,,,,,,,
21-05-2025 15:15,665,,,,,,,,,,
21-05-2025 15:20,674,,,,,,,,,,
21-05-2025 15:25,669,,,,,,,,,,
21-05-2025 15:30,647,,,,,,,,,,
21-05-2025 15:35,619,,,,,,,,,,
21-05-2025 15:40,598,,,,,,,,,,
21-05-2025 15:45,553,,,,,,,,,,
21-05-2025 15:50,557,,,,,,,,,,
21-05-2025 15:55,554,,,,,,,,,,
21-05-2025 16:00,546,,,,,,,,,,
21-05-2025 16:05,497,,,,,,,,,,
21-05-2025 16:10,500,,,,,,,,,,
21-05-2025 16:15,485,,,,,,,,,,
21-05-2025 16:20,462,,,,,,,,,,
21-05-2025 16:25,444,,,,,,,,,,
21-05-2025 16:30,424,,,,,,,,,,
21-05-2025 16:35,418,,,,,,,,,,
21-05-2025 16:40,398,,,,,,,,,,
21-05-2025 16:45,385,,,,,,,,,,
21-05-2025 16:50,383,,,,,,,,,,
21-05-2025 16:55,360,,,,,,,,,,
21-05-2025 17:00,341,,,,,,,,,,
21-05-2025 17:05,330,,,,,,,,,,
21-05-2025 17:10,316,,,,,,,,,,
21-05-2025 17:15,289,,,,,,,,,,
21-05-2025 17:20,277,,,,,,,,,,
21-05-2025 17:25,260,,,,,,,,,,
21-05-2025 17:30,243,,,,,,,,,,
21-05-2025 17:35,243,,,,,,,,,,
21-05-2025 17:40,218,,,,,,,,,,
21-05-2025 17:45,201,,,,,,,,,,
21-05-2025 17:50,188,,,,,,,,,,
21-05-2025 17:55,173,,,,,,,,,,
21-05-2025 18:00,159,,,,,,,,,,
21-05-2025 18:05,147,,,,,,,,,,
21-05-2025 18:10,131,,,,,,,,,,
21-05-2025 18:15,117,,,,,,,,,,
21-05-2025 18:20,104,,,,,,,,,,
21-05-2025 18:25,90,,,,,,,,,,
21-05-2025 18:30,80,,,,,,,,,,
21-05-2025 18:35,70,,,,,,,,,,
21-05-2025 18:40,60,,,,,,,,,,
21-05-2025 18:45,51,,,,,,,,,,
21-05-2025 18:50,42,,,,,,,,,,
21-05-2025 18:55,34,,,,,,,,,,
21-05-2025 19:00,27,,,,,,,,,,
21-05-2025 19:05,20,,,,,,,,,,
21-05-2025 19:10,15,,,,,,,,,,
21-05-2025 19:15,9,,,,,,,,,,
21-05-2025 19:20,6,,,,,,,,,,
21-05-2025 19:25,3,,,,,,,,,,
21-05-2025 19:30,2,,,,,,,,,,
22-05-2025 05:40,4,,,,,,,,,,
22-05-2025 05:45,7,,,,,,,,,,
22-05-2025 05:50,10,,,,,,,,,,
22-05-2025 05:55,15,,,,,,,,,,
22-05-2025 06:00,20,,,,,,,,,,
22-05-2025 06:05,26,,,,,,,,,,
22-05-2025 06:10,31,,,,,,,,,,
22-05-2025 06:15,37,,,,,,,,,,
22-05-2025 06:20,42,,,,,,,,,,
22-05-2025 06:25,47,,,,,,,,,,
22-05-2025 06:30,53,,,,,,,,,,
22-05-2025 06:35,58,,,,,,,,,,
22-05-2025 06:40,64,,,,,,,,,,
22-05-2025 06:45,70,,,,,,,,,,
22-05-2025 06:50,77,,,,,,,,,,
22-05-2025 06:55,84,,,,,,,,,,
22-05-2025 07:00,92,,,,,,,,,,
22-05-2025 07:05,116,,,,,,,,,,
22-05-2025 07:10,147,,,,,,,,,,
22-05-2025 07:15,164,,,,,,,,,,
22-05-2025 07:20,179,,,,,,,,,,
22-05-2025 07:25,193,,,,,,,,,,
22-05-2025 07:30,209,,,,,,,,,,
22-05-2025 07:35,223,,,,,,,,,,
22-05-2025 07:40,239,,,,,,,,,,
22-05-2025 07:45,257,,,,,,,,,,
22-05-2025 07:50,271,,,,,,,,,,
22-05-2025 07:55,288,,,,,,,,,,
22-05-2025 08:00,306,,,,,,,,,,
22-05-2025 08:05,323,,,,,,,,,,
22-05-2025 08:10,339,,,,,,,,,,
22-05-2025 08:15,356,,,,,,,,,,
22-05-2025 08:20,374,,,,,,,,,,
22-05-2025 08:25,392,,,,,,,,,,
22-05-2025 08:30,409,,,,,,,,,,
22-05-2025 08:35,427,,,,,,,,,,
22-05-2025 08:40,454,,,,,,,,,,
22-05-2025 08:45,460,,,,,,,,,,
22-05-2025 08:50,469,,,,,,,,,,
22-05-2025 08:55,477,,,,,,,,,,
22-05-2025 09:00,503,,,,,,,,,,
22-05-2025 09:05,519,,,,,,,,,,
22-05-2025 09:10,538,,,,,,,,,,
22-05-2025 09:15,556,,,,,,,,,,
22-05-2025 09:20,571,,,,,,,,,,
22-05-2025 09:25,580,,,,,,,,,,
22-05-2025 09:30,606,,,,,,,,,,
22-05-2025 09:35,617,,,,,,,,,,
22-05-2025 09:40,629,,,,,,,,,,
22-05-2025 09:45,642,,,,,,,,,,
22-05-2025 09:50,652,,,,,,,,,,
22-05-2025 09:55,670,,,,,,,,,,
22-05-2025 10:00,680,,,,,,,,,,
22-05-2025 10:05,689,,,,,,,,,,
22-05-2025 10:10,692,,,,,,,,,,
22-05-2025 10:15,702,,,,,,,,,,
22-05-2025 10:20,723,,,,,,,,,,
22-05-2025 10:25,725,,,,,,,,,,
22-05-2025 10:30,736,,,,,,,,,,
22-05-2025 10:35,758,,,,,,,,,,
22-05-2025 10:40,754,,,,,,,,,,
22-05-2025 10:45,775,,,,,,,,,,
22-05-2025 10:50,774,,,,,,,,,,
22-05-2025 10:55,774,,,,,,,,,,
22-05-2025 11:00,793,,,,,,,,,,
22-05-2025 11:05,818,,,,,,,,,,
22-05-2025 11:10,812,,,,,,,,,,
22-05-2025 11:15,811,,,,,,,,,,
22-05-2025 11:20,825,,,,,,,,,,
22-05-2025 11:25,813,,,,,,,,,,
22-05-2025 11:30,841,,,,,,,,,,
22-05-2025 11:35,839,,,,,,,,,,
22-05-2025 11:40,845,,,,,,,,,,
22-05-2025 11:45,856,,,,,,,,,,
22-05-2025 11:50,868,,,,,,,,,,
22-05-2025 11:55,851,,,,,,,,,,
22-05-2025 12:00,861,,,,,,,,,,
22-05-2025 12:05,852,,,,,,,,,,
22-05-2025 12:10,878,,,,,,,,,,
22-05-2025 12:15,883,,,,,,,,,,
22-05-2025 12:20,871,,,,,,,,,,
22-05-2025 12:25,867,,,,,,,,,,
22-05-2025 12:30,896,,,,,,,,,,
22-05-2025 12:35,889,,,,,,,,,,
22-05-2025 12:40,860,,,,,,,,,,
22-05-2025 12:45,895,,,,,,,,,,
22-05-2025 12:50,884,,,,,,,,,,
22-05-2025 12:55,893,,,,,,,,,,
22-05-2025 13:00,870,,,,,,,,,,
22-05-2025 13:05,884,,,,,,,,,,
22-05-2025 13:10,877,,,,,,,,,,
22-05-2025 13:15,888,,,,,,,,,,
22-05-2025 13:20,883,,,,,,,,,,
22-05-2025 13:25,870,,,,,,,,,,
22-05-2025 13:30,854,,,,,,,,,,
22-05-2025 13:35,868,,,,,,,,,,
22-05-2025 13:40,854,,,,,,,,,,
22-05-2025 13:45,839,,,,,,,,,,
22-05-2025 13:50,849,,,,,,,,,,
22-05-2025 13:55,825,,,,,,,,,,
22-05-2025 14:00,813,,,,,,,,,,
22-05-2025 14:05,811,,,,,,,,,,
22-05-2025 14:10,784,,,,,,,,,,
22-05-2025 14:15,798,,,,,,,,,,
22-05-2025 14:20,782,,,,,,,,,,
22-05-2025 14:25,768,,,,,,,,,,
22-05-2025 14:30,771,,,,,,,,,,
22-05-2025 14:35,764,,,,,,,,,,
22-05-2025 14:40,755,,,,,,,,,,
22-05-2025 14:45,737,,,,,,,,,,
22-05-2025 14:50,728,,,,,,,,,,
22-05-2025 14:55,716,,,,,,,,,,
22-05-2025 15:00,712,,,,,,,,,,
22-05-2025 15:05,697,,,,,,,,,,
22-05-2025 15:10,686,,,,,,,,,,
22-05-2025 15:15,676,,,,,,,,,,
22-05-2025 15:20,661,,,,,,,,,,
22-05-2025 15:25,643,,,,,,,,,,
22-05-2025 15:30,633,,,,,,,,,,
22-05-2025 15:35,614,,,,,,,,,,
22-05-2025 15:40,605,,,,,,,,,,
22-05-2025 15:45,587,,,,,,,,,,
22-05-2025 15:50,578,,,,,,,,,,
22-05-2025 15:55,562,,,,,,,,,,
22-05-2025 16:00,550,,,,,,,,,,
22-05-2025 16:05,534,,,,,,,,,,
22-05-2025 16:10,519,,,,,,,,,,
22-05-2025 16:15,494,,,,,,,,,,
22-05-2025 16:20,480,,,,,,,,,,
22-05-2025 16:25,466,,,,,,,,,,
22-05-2025 16:30,451,,,,,,,,,,
22-05-2025 16:35,431,,,,,,,,,,
22-05-2025 16:40,416,,,,,,,,,,
22-05-2025 16:45,405,,,,,,,,,,
22-05-2025 16:50,382,,,,,,,,,,
22-05-2025 16:55,363,,,,,,,,,,
22-05-2025 17:00,341,,,,,,,,,,
22-05-2025 17:05,322,,,,,,,,,,
22-05-2025 17:10,307,,,,,,,,,,
22-05-2025 17:15,293,,,,,,,,,,
22-05-2025 17:20,279,,,,,,,,,,
22-05-2025 17:25,262,,,,,,,,,,
22-05-2025 17:30,247,,,,,,,,,,
22-05-2025 17:35,232,,,,,,,,,,
22-05-2025 17:40,215,,,,,,,,,,
22-05-2025 17:45,200,,,,,,,,,,
22-05-2025 17:50,186,,,,,,,,,,
22-05-2025 17:55,167,,,,,,,,,,
22-05-2025 18:00,149,,,,,,,,,,
22-05-2025 18:05,133,,,,,,,,,,
22-05-2025 18:10,117,,,,,,,,,,
22-05-2025 18:15,104,,,,,,,,,,
22-05-2025 18:20,91,,,,,,,,,,
22-05-2025 18:25,79,,,,,,,,,,
22-05-2025 18:30,68,,,,,,,,,,
22-05-2025 18:35,59,,,,,,,,,,
22-05-2025 18:40,50,,,,,,,,,,
22-05-2025 18:45,43,,,,,,,,,,
22-05-2025 18:50,36,,,,,,,,,,
22-05-2025 18:55,29,,,,,,,,,,
22-05-2025 19:00,23,,,,,,,,,,
22-05-2025 19:05,17,,,,,,,,,,
22-05-2025 19:10,12,,,,,,,,,,
22-05-2025 19:15,8,,,,,,,,,,
22-05-2025 19:20,5,,,,,,,,,,
22-05-2025 19:25,3,,,,,,,,,,
22-05-2025 19:30,1,,,,,,,,,,
23-05-2025 05:45,7,,,,,,,,,,
23-05-2025 05:50,11,,,,,,,,,,
23-05-2025 05:55,16,,,,,,,,,,
23-05-2025 06:00,20,,,,,,,,,,
23-05-2025 06:05,26,,,,,,,,,,
23-05-2025 06:10,31,,,,,,,,,,
23-05-2025 06:15,36,,,,,,,,,,
23-05-2025 06:20,41,,,,,,,,,,
23-05-2025 06:25,47,,,,,,,,,,
23-05-2025 06:30,53,,,,,,,,,,
23-05-2025 06:35,57,,,,,,,,,,
23-05-2025 06:40,62,,,,,,,,,,
23-05-2025 06:45,69,,,,,,,,,,
23-05-2025 06:50,75,,,,,,,,,,
23-05-2025 06:55,80,,,,,,,,,,
23-05-2025 07:00,87,,,,,,,,,,
23-05-2025 07:05,122,,,,,,,,,,
23-05-2025 07:10,147,,,,,,,,,,
23-05-2025 07:15,161,,,,,,,,,,
23-05-2025 07:20,173,,,,,,,,,,
23-05-2025 07:25,186,,,,,,,,,,
23-05-2025 07:30,201,,,,,,,,,,
23-05-2025 07:35,215,,,,,,,,,,
23-05-2025 07:40,231,,,,,,,,,,
23-05-2025 07:45,245,,,,,,,,,,
23-05-2025 07:50,262,,,,,,,,,,
23-05-2025 07:55,279,,,,,,,,,,
23-05-2025 08:00,295,,,,,,,,,,
23-05-2025 08:05,311,,,,,,,,,,
23-05-2025 08:10,325,,,,,,,,,,
23-05-2025 08:15,342,,,,,,,,,,
23-05-2025 08:20,362,,,,,,,,,,
23-05-2025 08:25,377,,,,,,,,,,
23-05-2025 08:30,395,,,,,,,,,,
23-05-2025 08:35,413,,,,,,,,,,
23-05-2025 08:40,428,,,,,,,,,,
23-05-2025 08:45,447,,,,,,,,,,
23-05-2025 08:50,458,,,,,,,,,,
23-05-2025 08:55,479,,,,,,,,,,
23-05-2025 09:00,490,,,,,,,,,,
23-05-2025 09:05,511,,,,,,,,,,
23-05-2025 09:10,528,,,,,,,,,,
23-05-2025 09:15,542,,,,,,,,,,
23-05-2025 09:20,552,,,,,,,,,,
23-05-2025 09:25,569,,,,,,,,,,
23-05-2025 09:30,589,,,,,,,,,,
23-05-2025 09:35,599,,,,,,,,,,
23-05-2025 09:40,608,,,,,,,,,,
23-05-2025 09:45,627,,,,,,,,,,
23-05-2025 09:50,637,,,,,,,,,,
23-05-2025 09:55,652,,,,,,,,,,
23-05-2025 10:00,665,,,,,,,,,,
23-05-2025 10:05,675,,,,,,,,,,
23-05-2025 10:10,689,,,,,,,,,,
23-05-2025 10:15,693,,,,,,,,,,
23-05-2025 10:20,714,,,,,,,,,,
23-05-2025 10:25,718,,,,,,,,,,
23-05-2025 10:30,731,,,,,,,,,,
23-05-2025 10:35,739,,,,,,,,,,
23-05-2025 10:40,749,,,,,,,,,,
23-05-2025 10:45,759,,,,,,,,,,
23-05-2025 10:50,766,,,,,,,,,,
23-05-2025 10:55,772,,,,,,,,,,
23-05-2025 11:00,782,,,,,,,,,,
23-05-2025 11:05,787,,,,,,,,,,
23-05-2025 11:10,791,,,,,,,,,,
23-05-2025 11:15,799,,,,,,,,,,
23-05-2025 11:20,809,,,,,,,,,,
23-05-2025 11:25,815,,,,,,,,,,
23-05-2025 11:30,822,,,,,,,,,,
23-05-2025 11:35,831,,,,,,,,,,
23-05-2025 11:40,830,,,,,,,,,,
23-05-2025 11:45,832,,,,,,,,,,
23-05-2025 11:50,837,,,,,,,,,,
23-05-2025 11:55,842,,,,,,,,,,
23-05-2025 12:00,851,,,,,,,,,,
23-05-2025 12:05,858,,,,,,,,,,
23-05-2025 12:10,855,,,,,,,,,,
23-05-2025 12:15,852,,,,,,,,,,
23-05-2025 12:20,854,,,,,,,,,,
23-05-2025 12:25,860,,,,,,,,,,
23-05-2025 12:30,849,,,,,,,,,,
23-05-2025 12:35,852,,,,,,,,,,
23-05-2025 12:40,861,,,,,,,,,,
23-05-2025 12:45,850,,,,,,,,,,
23-05-2025 12:50,849,,,,,,,,,,
23-05-2025 12:55,839,,,,,,,,,,
23-05-2025 13:00,857,,,,,,,,,,
23-05-2025 13:05,851,,,,,,,,,,
23-05-2025 13:10,842,,,,,,,,,,
23-05-2025 13:15,838,,,,,,,,,,
23-05-2025 13:20,841,,,,,,,,,,
23-05-2025 13:25,832,,,,,,,,,,
23-05-2025 13:30,819,,,,,,,,,,
23-05-2025 13:35,812,,,,,,,,,,
23-05-2025 13:40,803,,,,,,,,,,
23-05-2025 13:45,801,,,,,,,,,,
23-05-2025 13:50,802,,,,,,,,,,
23-05-2025 13:55,788,,,,,,,,,,
23-05-2025 14:00,777,,,,,,,,,,
23-05-2025 14:05,765,,,,,,,,,,
23-05-2025 14:10,763,,,,,,,,,,
23-05-2025 14:15,759,,,,,,,,,,
23-05-2025 14:20,759,,,,,,,,,,
23-05-2025 14:25,744,,,,,,,,,,
23-05-2025 14:30,729,,,,,,,,,,
23-05-2025 14:35,722,,,,,,,,,,
23-05-2025 14:40,711,,,,,,,,,,
23-05-2025 14:45,693,,,,,,,,,,
23-05-2025 14:50,687,,,,,,,,,,
23-05-2025 14:55,689,,,,,,,,,,
23-05-2025 15:00,661,,,,,,,,,,
23-05-2025 15:05,650,,,,,,,,,,
23-05-2025 15:10,644,,,,,,,,,,
23-05-2025 15:15,621,,,,,,,,,,
23-05-2025 15:20,605,,,,,,,,,,
23-05-2025 15:25,576,,,,,,,,,,
23-05-2025 15:30,578,,,,,,,,,,
23-05-2025 15:35,559,,,,,,,,,,
23-05-2025 15:40,552,,,,,,,,,,
23-05-2025 15:45,534,,,,,,,,,,
23-05-2025 15:50,521,,,,,,,,,,
23-05-2025 15:55,499,,,,,,,,,,
23-05-2025 16:00,486,,,,,,,,,,
23-05-2025 16:05,472,,,,,,,,,,
23-05-2025 16:10,462,,,,,,,,,,
23-05-2025 16:15,439,,,,,,,,,,
23-05-2025 16:20,417,,,,,,,,,,
23-05-2025 16:25,405,,,,,,,,,,
23-05-2025 16:30,388,,,,,,,,,,
23-05-2025 16:35,378,,,,,,,,,,
23-05-2025 16:40,364,,,,,,,,,,
23-05-2025 16:45,349,,,,,,,,,,
23-05-2025 16:50,334,,,,,,,,,,
23-05-2025 16:55,321,,,,,,,,,,
23-05-2025 17:00,303,,,,,,,,,,
23-05-2025 17:05,289,,,,,,,,,,
23-05-2025 17:10,275,,,,,,,,,,
23-05-2025 17:15,258,,,,,,,,,,
23-05-2025 17:20,241,,,,,,,,,,
23-05-2025 17:25,231,,,,,,,,,,
23-05-2025 17:30,213,,,,,,,,,,
23-05-2025 17:35,204,,,,,,,,,,
23-05-2025 17:40,189,,,,,,,,,,
23-05-2025 17:45,174,,,,,,,,,,
23-05-2025 17:50,157,,,,,,,,,,
23-05-2025 17:55,143,,,,,,,,,,
23-05-2025 18:00,126,,,,,,,,,,
23-05-2025 18:05,118,,,,,,,,,,
23-05-2025 18:10,105,,,,,,,,,,
23-05-2025 18:15,94,,,,,,,,,,
23-05-2025 18:20,83,,,,,,,,,,
23-05-2025 18:25,72,,,,,,,,,,
23-05-2025 18:30,62,,,,,,,,,,
23-05-2025 18:35,53,,,,,,,,,,
23-05-2025 18:40,46,,,,,,,,,,
23-05-2025 18:45,35,,,,,,,,,,
23-05-2025 18:50,27,,,,,,,,,,
23-05-2025 18:55,22,,,,,,,,,,
23-05-2025 19:00,16,,,,,,,,,,
23-05-2025 19:05,12,,,,,,,,,,
23-05-2025 19:10,7,,,,,,,,,,
23-05-2025 19:15,4,,,,,,,,,,
23-05-2025 19:20,3,,,,,,,,,,
23-05-2025 19:25,2,,,,,,,,,,
